<?xml version="1.0" encoding="UTF-8"?>
<project-private xmlns="http://www.netbeans.org/ns/project-private/1">
    <editor-bookmarks xmlns="http://www.netbeans.org/ns/editor-bookmarks/2" lastBookmarkId="0"/>
    <open-files xmlns="http://www.netbeans.org/ns/projectui-open-files/2">
        <group>
            <file>file:/C:/Users/EGYPT/Downloads/SalesInvoiceGenerator_FWD-main/SalesInvoiceGenerator_FWD-main/SalesInvoiceGenerator/src/view/InvoiceHeaderDialog.java</file>
            <file>file:/C:/Users/EGYPT/Downloads/SalesInvoiceGenerator_FWD-main/SalesInvoiceGenerator_FWD-main/SalesInvoiceGenerator/src/model/invHeaderTableModel.java</file>
            <file>file:/C:/Users/EGYPT/Downloads/SalesInvoiceGenerator_FWD-main/SalesInvoiceGenerator_FWD-main/SalesInvoiceGenerator/src/controller/newListener.java</file>
            <file>file:/C:/Users/EGYPT/Downloads/SalesInvoiceGenerator_FWD-main/SalesInvoiceGenerator_FWD-main/SalesInvoiceGenerator/src/model/invLineTableModel.java</file>
            <file>file:/C:/Users/EGYPT/Downloads/SalesInvoiceGenerator_FWD-main/SalesInvoiceGenerator_FWD-main/SalesInvoiceGenerator/src/model/InvoiceLine.java</file>
            <file>file:/C:/Users/EGYPT/Downloads/SalesInvoiceGenerator_FWD-main/SalesInvoiceGenerator_FWD-main/SalesInvoiceGenerator/src/view/InvoiceLineDialog.java</file>
            <file>file:/C:/Users/EGYPT/Downloads/SalesInvoiceGenerator_FWD-main/SalesInvoiceGenerator_FWD-main/SalesInvoiceGenerator/src/view/InvoiceFrame.java</file>
            <file>file:/C:/Users/EGYPT/Downloads/SalesInvoiceGenerator_FWD-main/SalesInvoiceGenerator_FWD-main/SalesInvoiceGenerator/src/model/InvoiceFrame1.java</file>
        </group>
    </open-files>
</project-private>
